,name,img,description,visibleStats,unique,restrictions,maxSkill
0,AR-D Def/Res 1,https://img.game8.co/3407116/2e03b053084b5b82251eb0e347d042f6.png/show,"If defending in Aether Raids, grants Def/Res+X during combat. (Calculates X based on number of your defensive structures: \xe2\x89\xa55 structures grants +4; 4 grants +3; 3 grants +2; \xe2\x89\xa42 grants +1. Destroyed defensive structures are not counted.)","0,0,0,0,0",FALSE,,FALSE
1,AR-D Def/Res 2,https://img.game8.co/3407127/805467f9db31db0cf23209e656eb865d.png/show,"If defending in Aether Raids, grants Def/Res+X during combat. (Calculates X based on number of your defensive structures: \xe2\x89\xa55 structures grants +7; 4 grants +5; 3 grants +3; \xe2\x89\xa42 grants +1. Destroyed defensive structures are not counted.)","0,0,0,0,0",FALSE,,FALSE
2,AR-D Def/Res 3,https://img.game8.co/3407117/da02151b89b3efa92d8d52f314772b3e.png/show,"If defending in Aether Raids, grants Def/Res+X during combat. (Calculates X based on number of your defensive structures: \xe2\x89\xa55 structures grants +10; 4 grants +7; 3 grants +4; \xe2\x89\xa42 grants +1. Destroyed defensive structures are not counted.)","0,0,0,0,0",FALSE,,TRUE
3,AR-O Atk/Def 1,https://img.game8.co/3407089/f5776a9388c0e30c4ea6a87d82ea7fef.png/show,"If attacking in Aether Raids, grants Atk/Def+X during combat. (Calculates X based on number of foe\xe2\x80\x99s defensive structures: \xe2\x89\xa42 structures grants +4; 3 grants +3; 4 grants +2; \xe2\x89\xa55 grants +1. Destroyed defensive structures are not counted.)","0,0,0,0,0",FALSE,,FALSE
4,AR-O Atk/Def 2,https://img.game8.co/3407098/eff78bc87b4609dc49df3da7b12a32f4.png/show,"If attacking in Aether Raids, grants Atk/Def+X during combat. (Calculates X based on number of foe\xe2\x80\x99s defensive structures: \xe2\x89\xa42 structures grants +7; 3 grants +5; 4 grants +3; \xe2\x89\xa55 grants +1. Destroyed defensive structures are not counted.)","0,0,0,0,0",FALSE,,FALSE
5,AR-O Atk/Def 3,https://img.game8.co/3407092/cb3afd93c26f315135de58f819358cf2.png/show,"If attacking in Aether Raids, grants Atk/Def+X during combat. (Calculates X based on number of foe\xe2\x80\x99s defensive structures: \xe2\x89\xa42 structures grants +10; 3 grants +7; 4 grants +4; \xe2\x89\xa55 grants +1. Destroyed defensive structures are not counted.)","0,0,0,0,0",FALSE,,TRUE
6,AR-D Atk/Def 1,https://img.game8.co/3407186/f7ece57e5871419f3853af5edda5d338.png/show,"If defending in Aether Raids, grants Atk/Def+X during combat. (Calculates X based on number of your defensive structures: \xe2\x89\xa55 structures grants +4; 4 grants +3; 3 grants +2; \xe2\x89\xa42 grants +1. Destroyed defensive structures are not counted.)","0,0,0,0,0",FALSE,,FALSE
7,AR-D Atk/Def 2,https://img.game8.co/3407194/6b99315fd0aa9dd66aaa495f14540df2.png/show,"If defending in Aether Raids, grants Atk/Def+X during combat. (Calculates X based on number of your defensive structures: \xe2\x89\xa55 structures grants +7; 4 grants +5; 3 grants +3; \xe2\x89\xa42 grants +1. Destroyed defensive structures are not counted.)","0,0,0,0,0",FALSE,,FALSE
8,AR-D Atk/Def 3,https://img.game8.co/3407197/8d1e3fb2878ad90a52e62776f786640e.png/show,"If defending in Aether Raids, grants Atk/Def+X during combat. (Calculates X based on number of your defensive structures: \xe2\x89\xa55 structures grants +10; 4 grants +7; 3 grants +4; \xe2\x89\xa42 grants +1. Destroyed defensive structures are not counted.)","0,0,0,0,0",FALSE,,TRUE
9,AR-O Atk/Spd 1,https://img.game8.co/3407118/b7f77dfa935768b72b54f5998258b46c.png/show,"If attacking in Aether Raids, grants Atk/Spd+X during combat. (Calculates X based on number of foe's defensive structures: \xe2\x89\xa42 structures grants +4; 3 grants +3; 4 grants +2; \xe2\x89\xa55 grants +1. Destroyed defensive structures are not counted.)","0,0,0,0,0",FALSE,,FALSE
10,AR-D Atk/Spd 1,https://img.game8.co/3407165/1e17cb2c5aedba21850571e77231fec3.png/show,"If defending in Aether Raids, grants Atk/Spd+X during combat. (Calculates X based on number of your defensive structures: \xe2\x89\xa55 structures grants +4; 4 grants +3; 3 grants +2; \xe2\x89\xa42 grants +1. Destroyed defensive structures are not counted.)","0,0,0,0,0",FALSE,,FALSE
11,AR-O Atk/Spd 2,https://img.game8.co/3407128/9943976cb08ec8b418a39e1bb40eb511.png/show,"If attacking in Aether Raids, grants Atk/Spd+X during combat. (Calculates X based on number of foe's defensive structures: \xe2\x89\xa42 structures grants +7; 3 grants +5; 4 grants +3; \xe2\x89\xa55 grants +1. Destroyed defensive structures are not counted.)","0,0,0,0,0",FALSE,,FALSE
12,AR-D Atk/Spd 2,https://img.game8.co/3407159/cdf1c4b5848b8cc0a17bf66fd9f48735.png/show,"If defending in Aether Raids, grants Atk/Spd+X during combat. (Calculates X based on number of your defensive structures: \xe2\x89\xa55 structures grants +7; 4 grants +5; 3 grants +3; \xe2\x89\xa42 grants +1. Destroyed defensive structures are not counted.)","0,0,0,0,0",FALSE,,FALSE
13,AR-O Atk/Spd 3,https://img.game8.co/3407125/4289d0819dadb7402cbd626246c663e5.png/show,"If attacking in Aether Raids, grants Atk/Spd+X during combat. (Calculates X based on number of foe's defensive structures: \xe2\x89\xa42 structures grants +10; 3 grants +7; 4 grants +4; \xe2\x89\xa55 grants +1. Destroyed defensive structures are not counted.)","0,0,0,0,0",FALSE,,TRUE
14,AR-D Atk/Spd 3,https://img.game8.co/3407171/9296562cdf77198e216ae0cba3f893fc.png/show,"If defending in Aether Raids, grants Atk/Spd+X during combat. (Calculates X based on number of your defensive structures: \xe2\x89\xa55 structures grants +10; 4 grants +7; 3 grants +4; \xe2\x89\xa42 grants +1. Destroyed defensive structures are not counted.)","0,0,0,0,0",FALSE,,TRUE
15,AR-D Atk/Res 1,https://img.game8.co/3407120/e72e05ec15ba63ae9ed1961a424b19f5.png/show,"If defending in Aether Raids, grants Atk/Res+X during combat. (Calculates X based on number of your defensive structures: \xe2\x89\xa55 structures grants +4; 4 grants +3; 3 grants +2; \xe2\x89\xa42 grants +1. Destroyed defensive structures are not counted.)","0,0,0,0,0",FALSE,,FALSE
16,AR-D Atk/Spd 4,https://img.game8.co/3390200/fc7df85f00b3f88d66a8de126c608c88.png/show,"If defending in Aether Raids, grants Atk/Spd+X during combat. (Calculates X based on number of your defensive structures \xe2\x89\xa5 5 structures grants +11; 4 grants +7; \xe2\x89\xa4 3 grants +3. Destroyed defensive structures are not counted.)","0,0,0,0,0",FALSE,,TRUE
17,AR-D Def/Res 4,https://img.game8.co/3418222/fc294f34df88725a67297eb94c8bbf37.png/show,"If defending in Aether Raids, grants Def/Res+X during combat. (Calculates X based on number of your defensive structures \xe2\x89\xa5 5 structures grants +11; 4 grants +7; \xe2\x89\xa4 3 grants +3. Destroyed defensive structures are not counted.)'","0,0,0,0,0",FALSE,,TRUE
18,AR-D Atk/Res 2,https://img.game8.co/3407129/99febaf8f2c59222364132e872fc9b97.png/show,"If defending in Aether Raids, grants Atk/Res+X during combat. (Calculates X based on number of your defensive structures: \xe2\x89\xa55 structures grants +7; 4 grants +5; 3 grants +3; \xe2\x89\xa42 grants +1. Destroyed defensive structures are not counted.)","0,0,0,0,0",FALSE,,FALSE
19,AR-D Atk/Res 3,https://img.game8.co/3407123/a7f3a0f5ccff274eac836f21d4dbe0a8.png/show,"If defending in Aether Raids, grants Atk/Res+X during combat. (Calculates X based on number of your defensive structures: \xe2\x89\xa55 structures grants +10; 4 grants +7; 3 grants +4; \xe2\x89\xa42 grants +1. Destroyed defensive structures are not counted.)","0,0,0,0,0",FALSE,,TRUE
20,AR-D Spd/Def 1,https://img.game8.co/3407100/53d11436e6179ca9584e43b8a601da9a.png/show,"If defending in Aether Raids, grants Spd/Def+X during combat. (Calculates X based on number of your defensive structures: \xe2\x89\xa55 structures grants +4; 4 grants +3; 3 grants +2; \xe2\x89\xa42 grants +1. Destroyed defensive structures are not counted.)","0,0,0,0,0",FALSE,,FALSE
21,AR-D Spd/Def 2,https://img.game8.co/3407091/859c6f81364211a803fab530fb7ec8a4.png/show,"If defending in Aether Raids, grants Spd/Def+X during combat. (Calculates X based on number of your defensive structures: \xe2\x89\xa55 structures grants +7; 4 grants +5; 3 grants +3; \xe2\x89\xa42 grants +1. Destroyed defensive structures are not counted.)","0,0,0,0,0",FALSE,,FALSE
22,AR-D Spd/Def 3,https://img.game8.co/3407105/ed1a43d21724396ce8a5e58fd8b365d6.png/show,"If defending in Aether Raids, grants Spd/Def+X during combat. (Calculates X based on number of your defensive structures: \xe2\x89\xa55 structures grants +10; 4 grants +7; 3 grants +4; \xe2\x89\xa42 grants +1. Destroyed defensive structures are not counted.)","0,0,0,0,0",FALSE,,TRUE
23,AR-O Spd/Res 1,https://img.game8.co/3407131/4c07d2373aabb7d3d1e0c0e42a182f2a.png/show,"If attacking in Aether Raids, grants Spd/Res+X during combat. (Calculates X based on number of foe's defensive structures: \xe2\x89\xa42 structures grants +4; 3 grants +3; 4 grants +2; \xe2\x89\xa55 grants +1. Destroyed defensive structures are not counted.)","0,0,0,0,0",FALSE,,FALSE
24,AR-O Spd/Res 2,https://img.game8.co/3407137/ca28ba50945dfeddbd19d424da8fc8df.png/show,"If attacking in Aether Raids, grants Spd/Res+X during combat. (Calculates X based on number of foe's defensive structures: \xe2\x89\xa42 structures grants +7; 3 grants +5; 4 grants +3; \xe2\x89\xa55 grants +1. Destroyed defensive structures are not counted.)","0,0,0,0,0",FALSE,,FALSE
25,AR-O Spd/Res 3,https://img.game8.co/3407135/cffbc366ef94eddca19c212fbe0cc78b.png/show,"If attacking in Aether Raids, grants Spd/Res+X during combat. (Calculates X based on number of foe's defensive structures: \xe2\x89\xa42 structures grants +10; 3 grants +7; 4 grants +4; \xe2\x89\xa55 grants +1. Destroyed defensive structures are not counted.)","0,0,0,0,0",FALSE,,TRUE
26,AR-D Spd/Res 1,https://img.game8.co/3407154/a4c9fd4966c4b98f44a5925fd2d9afe6.png/show,"If defending in Aether Raids, grants Spd/Res+X during combat. (Calculates X based on number of your defensive structures: \xe2\x89\xa55 structures grants +4; 4 grants +3; 3 grants +2; \xe2\x89\xa42 grants +1. Destroyed defensive structures are not counted.)","0,0,0,0,0",FALSE,,FALSE
27,AR-D Spd/Res 2,https://img.game8.co/3407148/df79f2013e9f3b524bf9397430b6d23e.png/show,"If defending in Aether Raids, grants Spd/Res+X during combat. (Calculates X based on number of your defensive structures: \xe2\x89\xa55 structures grants +7; 4 grants +5; 3 grants +3; \xe2\x89\xa42 grants +1. Destroyed defensive structures are not counted.)","0,0,0,0,0",FALSE,,FALSE
28,AR-D Spd/Res 3,https://img.game8.co/3407156/271b21a43cc1ea848cf7f8c26a23f590.png/show,"If defending in Aether Raids, grants Spd/Res+X during combat. (Calculates X based on number of your defensive structures: \xe2\x89\xa55 structures grants +10; 4 grants +7; 3 grants +4; \xe2\x89\xa42 grants +1. Destroyed defensive structures are not counted.)","0,0,0,0,0",FALSE,,TRUE
29,Svalinn Shield,https://img.game8.co/3405588/04d7d09c718cf8317bd1e36e02afad29.png/show,"Neutralizes ""effective against armored"" bonuses.","0,0,0,0,0",FALSE,,TRUE
30,Grani's Shield,https://img.game8.co/3406286/2241e7bf21a733be6ac9bcf564d19b6b.png/show,"Neutralizes ""effective against cavalry"" bonuses.","0,0,0,0,0",FALSE,,TRUE
31,Iote's Shield,https://img.game8.co/3406160/28c928f6e73c0d790d7a88150d0777d3.png/show,"Neutralizes ""effective against fliers"" bonuses.","0,0,0,0,0",FALSE,,TRUE
32,Close Counter,https://img.game8.co/3407745/26bf561029375e853ab36b694b86f138.png/show,Enables unit to counterattack regardless of distance to attacker.,"0,0,0,0,0",FALSE,,TRUE
33,Distant Counter,https://img.game8.co/3407640/7ef7e19659ee5ded04ceba8e8061b87d.png/show,Enables unit to counterattack regardless of distance to attacker.,"0,0,0,0,0",FALSE,,TRUE
34,Triangle Adept 1,https://img.game8.co/3405555/d01b30241f5793d23a818e71677de6c0.png/show,"Gives Atk+10% if weapon-triangle advantage, Atk -10% if disadvantage.","0,0,0,0,0",FALSE,,FALSE
35,Triangle Adept 2,https://img.game8.co/3405554/2690b99254d655e28f5da9ab4c1748f3.png/show,"Gives Atk+15% if weapon-triangle advantage, Atk -15% if disadvantage.","0,0,0,0,0",FALSE,,FALSE
36,Triangle Adept 3,https://img.game8.co/3405553/08228baca6e5fb77f7a843a90f32d819.png/show,"Gives Atk +20% if weapon-triangle advantage, Atk -20% if disadvantage.","0,0,0,0,0",FALSE,,TRUE
37,Heavy Blade 1,https://img.game8.co/3406279/0c830411396a5e654c39a7bf4132a8e8.png/show,"If unit\xe2\x80\x99s Atk \xe2\x89\xa5 foe\xe2\x80\x99s Atk+5, grants Special cooldown charge +1 per unit\xe2\x80\x99s attack. (Only highest value applied. Does not stack.)","0,0,0,0,0",FALSE,,FALSE
38,Heavy Blade 2,https://img.game8.co/3406278/2f4f5e6473ae568cefcab341cd95b661.png/show,"If unit\xe2\x80\x99s Atk \xe2\x89\xa5 foe\xe2\x80\x99s Atk+3, grants Special cooldown charge +1 per unit\xe2\x80\x99s attack. (Only highest value applied. Does not stack.)","0,0,0,0,0",FALSE,,FALSE
39,Heavy Blade 3,https://img.game8.co/3406277/cff019aa887be751be35233e828bdbec.png/show,"If unit\xe2\x80\x99s Atk \xe2\x89\xa5 foe\xe2\x80\x99s Atk, grants Special cooldown charge +1 per unit\xe2\x80\x99s attack. (Only highest value applied. Does not stack.)","0,0,0,0,0",FALSE,,TRUE
40,Flashing Blade 1,https://img.game8.co/3407459/0bcad861344e457a79ae3d8487e51541.png/show,"If unit\xe2\x80\x99s Spd \xe2\x89\xa5 foe\xe2\x80\x99s Spd+5, grants Special cooldown charge +1 per unit\xe2\x80\x99s attack. (Only highest value applied. Does not stack.)","0,0,0,0,0",FALSE,,FALSE
41,Flashing Blade 2,https://img.game8.co/3407458/8fe4ecb6ed07c19f900b8b4b4abf36ae.png/show,"If unit\xe2\x80\x99s Spd \xe2\x89\xa5 foe\xe2\x80\x99s Spd+3, grants Special cooldown charge +1 per unit\xe2\x80\x99s attack. (Only highest value applied. Does not stack.)","0,0,0,0,0",FALSE,,FALSE
42,Flashing Blade 3,https://img.game8.co/3407460/88618d9f48c5ef04113b5d23307d68d9.png/show,"If unit\xe2\x80\x99s Spd \xe2\x89\xa5 foe\xe2\x80\x99s Spd, grants Special cooldown charge +1 per unit\xe2\x80\x99s attack. (Only highest value applied. Does not stack.)","0,0,0,0,0",FALSE,,TRUE
43,Bonus Doubler 1,https://img.game8.co/3407133/f58ab98c1a6e2d81185256098d3aa7b6.png/show,Grants bonus to Atk/Spd/Def/Res during combat = 50% of current bonus on each of unit\xe2\x80\x99s stats. Calculates each stat bonus independently.,"0,0,0,0,0",FALSE,,FALSE
44,Bonus Doubler 2,https://img.game8.co/3407139/d86071ac6f595c60a1dd8f991b2733a0.png/show,Grants bonus to Atk/Spd/Def/Res during combat = 75% of current bonus on each of unit\xe2\x80\x99s stats. Calculates each stat bonus independently.,"0,0,0,0,0",FALSE,,FALSE
45,Bonus Doubler 3,https://img.game8.co/3407136/5a6c50d9712fa34c9e95a480a8300538.png/show,Grants bonus to Atk/Spd/Def/Res during combat = current bonus on each of unit\xe2\x80\x99s stats. Calculates each stat bonus independently.,"0,0,0,0,0",FALSE,,TRUE
46,Sorcery Blade 1,https://img.game8.co/3405693/d609fcb33572b921f1558c43193b5daf.png/show,"At start of combat, if unit\xe2\x80\x99s HP = 100% and unit is adjacent to a magic ally, calculates damage using the lower of foe\xe2\x80\x99s Def or Res.","0,0,0,0,0",FALSE,,FALSE
47,Sorcery Blade 2,https://img.game8.co/3405694/14095dc0f011bdb80d1007d452a391dc.png/show,"At start of combat, if unit\xe2\x80\x99s HP \xe2\x89\xa5 50% and unit is adjacent to a magic ally,  calculates damage using the lower of foe\xe2\x80\x99s Def or Res.","0,0,0,0,0",FALSE,,FALSE
48,Sorcery Blade 3,https://img.game8.co/3405695/2d3ee0188ab7c2d32046db139eab00c5.png/show,"At start of combat, if unit is adjacent to a magic ally,  calculates damage using the lower of foe\xe2\x80\x99s Def or Res.","0,0,0,0,0",FALSE,,TRUE
49,Flashing Blade 4,https://img.game8.co/3407097/17abdba950bb646edf49f0f884220a40.png/show,"If unit\xe2\x80\x99s Spd > foe\xe2\x80\x99s Spd, grants Special cooldown charge +1 and deals +5 damage per unit\xe2\x80\x99s attack. (Only highest value applied. Does not stack.)","0,0,0,0,0",FALSE,,TRUE
50,Heavy Blade 4,https://img.game8.co/3407187/71992f7a913fc241a57c2d08bdfdfdb6.png/show,"If unit's Atk > foe's Atk, grants Special cooldown charge +1 and deals +5 damage to foe per unit's attack. (Only highest value applied. Does not stack.)","0,0,0,0,0",FALSE,,TRUE
51,Distant Foil,https://img.game8.co/3405488/725ed03f15923fc3ef5e16a895687b18.png/show,"If sword, lance, axe, bow, dagger, or beast foe initiates combat, grants Atk/Def+5 to unit during combat and unit can counterattack regardless of foe's range.","0,0,0,0,0",FALSE,,TRUE
52,Close Foil,https://img.game8.co/3405487/78f6df6265147a10951a195e45994a38.png/show,"If sword, lance, axe, bow, dagger, or beast foe initiates combat, grants Atk/Def+5 to unit during combat and unit can counterattack regardless of foe's range.","0,0,0,0,0",FALSE,,TRUE
53,Distant Ward,https://img.game8.co/3407949/257706f3655c6e43f8ad1a5c666d76e5.png/show,"If magic, staff, or dragonstone foe initiates combat, grants Atk/Res+5 to unit during combat and unit can counterattack regardless of foe's range.","0,0,0,0,0",FALSE,,TRUE
54,Close Ward,https://img.game8.co/3407152/d3d71916414529d1bebcf306c6585dd5.png/show,"If magic, staff, or dragonstone foe initiates combat, unit can counterattack regardless of foe\'s range, disables foe\'s skills that ""calculate damage using the lower of foe\'s Def or Res, and grants Atk/Res+5 to unit during combat.","0,0,0,0,0",FALSE,,TRUE
55,Distant Pressure,https://img.game8.co/3404708/267606d5e70f1d208b5f40e0fc186c39.png/show,"Unit can counterattack regardless of foe's range.  At start of combat, if unit's HP \xe2\x89\xa5 25%, grants Spd+5 during combat, but after combat, if unit attacked, deals 5 damage to unit.","0,0,0,0,0",FALSE,,TRUE
56,Distant Stance,https://img.game8.co/3440484/1213d0b2d20b51b976ce0e880fc79664.png/show,"Unit can counterattack regardless of foe's range. If foe initiates combat, grants Res+5 to unit during combat.","0,0,0,0,0",FALSE,,TRUE
57,Close Reversal,https://img.game8.co/3404707/bfda4b782989e888fadaee6e5931f695.png/show,"If foe initiates combat, grants Def+5 to unit during combat and unit can counterattack regardless of foe's range.","0,0,0,0,0",FALSE,,TRUE
58,G Duel Infantry 1,https://img.game8.co/3406308/04b678711afbadc336f84f2bc273ee80.png/show,"Grants HP +3. If unit is 5 star and level 40 and unit\xe2\x80\x99s stats total less than 160, treats unit\xe2\x80\x99s stats as 160 in modes like Arena. (Higher-scoring opponents will appear. Stat total calculation excludes any values added by merges and skills. )","3,0,0,0,0",FALSE,,FALSE
59,G Duel Infantry 2,https://img.game8.co/3406309/76e7d87178fa9b67004334874da18acd.png/show,"Grants HP +4. If unit is 5 star and level 40 and unit\xe2\x80\x99s stats total less than 165, treats unit\xe2\x80\x99s stats as 165 in modes like Arena. (Higher-scoring opponents will appear. Stat total calculation excludes any values added by merges and skills. )","4,0,0,0,0",FALSE,,FALSE
60,G Duel Infantry 3,https://img.game8.co/3406307/81a1c91f8b95c38aff2e755e01430c9c.png/show,"Grants HP +5. If unit is 5 star and level 40 and unit\xe2\x80\x99s stats total less than 170, treats unit\xe2\x80\x99s stats as 170 in modes like Arena. (Higher-scoring opponents will appear. Stat total calculation excludes any values added by merges and skills. )","5,0,0,0,0",FALSE,,TRUE
61,R Duel Flying 1,https://img.game8.co/3405763/783ea1a62d5a1f6d58633858b30372dc.png/show,"Grants HP +3. If unit is 5 star and level 40 and unit\xe2\x80\x99s stats total less than 160, treats unit\xe2\x80\x99s stats as 160 in modes like Arena. (Higher-scoring opponents will appear. Stat total calculation excludes any values added by merges and skills. )","3,0,0,0,0",FALSE,,FALSE
62,R Duel Infantry 4,https://img.game8.co/3407158/60b96f9a11d8c79ad6f5f852b923f054.png/show,"Grants HP+5, Atk/Spd/Def/Res+2. If unit is 5\xe2\x98\x85, level 40, a Legendary or a Mythic Hero, and unit's stats total less than 175, treats unit's stats as 175 in modes like Arena. If unit is 5\xe2\x98\x85, level 40, not a Legendary or a Mythic Hero, and unit's stats total less than 180, treats unit's stats as 180 in modes like Arena. (Higher-scoring opponents will appear. Stat total calculation excludes any values added by merges and skills.)","5,2,2,2,2",FALSE,,TRUE
63,R Duel Flying 2,https://img.game8.co/3405762/48c7ac5b994a178334e6e5005e1218ca.png/show,"Grants HP +4. If unit is 5 star and level 40 and unit\xe2\x80\x99s stats total less than 165, treats unit\xe2\x80\x99s stats as 165 in modes like Arena. (Higher-scoring opponents will appear. Stat total calculation excludes any values added by merges and skills. )","4,0,0,0,0",FALSE,,FALSE
64,R Duel Flying 3,https://img.game8.co/3405761/f25eb7cc26520d0962d004c7eb325dd9.png/show,"Grants HP +5. If unit is 5 star and level 40 and unit\xe2\x80\x99s stats total less than 170, treats unit\xe2\x80\x99s stats as 170 in modes like Arena. (Higher-scoring opponents will appear. Stat total calculation excludes any values added by merges and skills. )","5,0,0,0,0",FALSE,,TRUE
65,C Duel Infantry 1,https://img.game8.co/3407764/b6e29d6e8c44d48d842393b2efdb5700.png/show,"Grants HP +3. If unit is 5 star and level 40 and unit\xe2\x80\x99s stats total less than 160, treats unit\xe2\x80\x99s stats as 160 in modes like Arena. (Higher-scoring opponents will appear. Stat total calculation excludes any values added by merges and skills. )","3,0,0,0,0",FALSE,,FALSE
66,C Duel Infantry 2,https://img.game8.co/3407765/5cde976919f1cb01069dac9412cbf8ff.png/show,"Grants HP +4. If unit is 5 star and level 40 and unit\xe2\x80\x99s stats total less than 165, treats unit\xe2\x80\x99s stats as 165 in modes like Arena. (Higher-scoring opponents will appear. Stat total calculation excludes any values added by merges and skills. )","4,0,0,0,0",FALSE,,FALSE
67,R Duel Cavalry 1,https://img.game8.co/3375402/b47f6d544d53926411e660569c777e04.png/show,"Grants HP+3. If unit is 5\xe2\x98\x85 and level 40 and unit's stats total less than 160, treats unit's stats as 160 in modes like Arena.(Higher-scoring opponents will appear.Stat total calculation excludes any values added by merges and skills.)","3,0,0,0,0",FALSE,,FALSE
68,C Duel Infantry 3,https://img.game8.co/3407766/2c3acaa0e7ee00c7452147405777bd3a.png/show,"Grants HP +5. If unit is 5 star and level 40 and unit\xe2\x80\x99s stats total less than 170, treats unit\xe2\x80\x99s stats as 170 in modes like Arena. (Higher-scoring opponents will appear. Stat total calculation excludes any values added by merges and skills. )","5,0,0,0,0",FALSE,,TRUE
69,R Duel Cavalry 2,https://img.game8.co/3375401/c903ec7eb4d8df5130fb46b46d00dbc5.png/show,"Grants HP+4. If unit is 5\xe2\x98\x85 and level 40 and unit's stats total less than 165, treats unit's stats as 165 in modes like Arena.(Higher-scoring opponents will appear.Stat total calculation excludes any values added by merges and skills.)","4,0,0,0,0",FALSE,,FALSE
70,B Duel Flying 1,https://img.game8.co/3407114/2f922354eb8843cb189302bca0c3ba01.png/show,"Grants HP+3. If unit is 5\xe2\x98\x85 and level 40 and unit\xe2\x80\x99s stats total less than 160, treats unit\xe2\x80\x99s stats as 160 in modes like Arena. (Higher-scoring opponents will appear. Stat total calculation excludes any values added by merges and skills.)","3,0,0,0,0",FALSE,,FALSE
71,R Duel Cavalry 3,https://img.game8.co/3375403/4b24d22af668007fc1faaf47e59de730.png/show,"Grants HP+5. If unit is 5\xe2\x98\x85 and level 40 and unit's stats total less than 170, treats unit's stats as 170 in modes like Arena.(Higher-scoring opponents will appear.Stat total calculation excludes any values added by merges and skills.)","5,0,0,0,0",FALSE,,TRUE
72,B Duel Flying 2,https://img.game8.co/3407113/b1db45ffd4b8c7032243cc81f70d52a4.png/show,"Grants HP+4. If unit is 5\xe2\x98\x85 and level 40 and unit\xe2\x80\x99s stats total less than 165, treats unit\xe2\x80\x99s stats as 165 in modes like Arena. (Higher-scoring opponents will appear. Stat total calculation excludes any values added by merges and skills.)","4,0,0,0,0",FALSE,,FALSE
73,B Duel Infantry 4,https://img.game8.co/3407185/762369e1c97cccb2df505b4cbbeb1f1f.png/show,"Grants HP+5, Atk/Spd/Def/Res+2. If unit is 5\xe2\x98\x85, level 40, a Legendary or a Mythic Hero, and unit's stats total less than 175, treats unit's stats as 175 in modes like Arena. If unit is 5\xe2\x98\x85, level 40, not a Legendary or a Mythic Hero, and unit's stats total less than 180, treats unit's stats as 180 in modes like Arena. (Higher-scoring opponents will appear. Stat total calculation excludes any values added by merges and skills.)","5,2,2,2,2",FALSE,,TRUE
74,R Duel Cavalry 4,https://img.game8.co/3375404/d84f411a8bac94294ffbb7303a431189.png/show,"Grants HP+5, Atk/Spd/Def/Res+2. If unit is 5\xe2\x98\x85, level 40, a Legendary or a Mythic Hero, and unit's stats total less than 175, treats unit's stats as 175 in modes like Arena. If unit is 5\xe2\x98\x85, level 40, not a Legendary or a Mythic Hero, and unit's stats total less than 180, treats unit's stats as 180 in modes like Arena. (Higher-scoring opponents will appear. Stat total calculation excludes any values added by merges and skills.)","5,2,2,2,2",FALSE,,TRUE
75,B Duel Flying 3,https://img.game8.co/3407103/6e17304dcf0bbdc33c0454dc7c9071f6.png/show,"Grants HP+5. If unit is 5\xe2\x98\x85 and level 40 and unit\xe2\x80\x99s stats total less than 170, treats unit\xe2\x80\x99s stats as 170 in modes like Arena. (Higher-scoring opponents will appear. Stat total calculation excludes any values added by merges and skills.)","5,0,0,0,0",FALSE,,TRUE
76,G Duel Flying 1,https://img.game8.co/3407112/86158992856c0f5e53cee5d2c8918398.png/show,"Grants HP+3. If unit is 5\xe2\x98\x85 and level 40 and unit\xe2\x80\x99s stats total less than 160, treats unit\xe2\x80\x99s stats as 160 in modes like Arena. (Higher-scoring opponents will appear. Stat total calculation excludes any values added by merges and skills.)","3,0,0,0,0",FALSE,,FALSE
77,G Duel Flying 2,https://img.game8.co/3407110/ad837a77f5ffba9d89d96e3b62522029.png/show,"Grants HP+4. If unit is 5\xe2\x98\x85 and level 40 and unit\xe2\x80\x99s stats total less than 165, treats unit\xe2\x80\x99s stats as 165 in modes like Arena. (Higher-scoring opponents will appear. Stat total calculation excludes any values added by merges and skills.)","4,0,0,0,0",FALSE,,FALSE
78,G Duel Flying 3,https://img.game8.co/3407102/8976f0a16b797b0b1c042b80daef5ec1.png/show,"Grants HP+5. If unit is 5\xe2\x98\x85 and level 40 and unit\xe2\x80\x99s stats total less than 170, treats unit\xe2\x80\x99s stats as 170 in modes like Arena. (Higher-scoring opponents will appear. Stat total calculation excludes any values added by merges and skills.)","5,0,0,0,0",FALSE,,TRUE
79,R Duel Infantry 3,https://img.game8.co/3407166/06373e8b285359b2b095e31bd885266f.png/show,"Grants HP+5. If unit is 5\xe2\x98\x85 and level 40 and unit's stats total less than 170, treats unit's stats as 170 in modes like Arena.(Higher-scoring opponents will appear.Stat total calculation excludes any values added by merges and skills.)","5,0,0,0,0",FALSE,,TRUE
80,B Duel Flying 4,https://img.game8.co/3336768/bc3e6dcdf9eba6c6022a91feeea142aa.png/show,"Grants HP+5, Atk/Spd/Def/Res+2. If unit is 5\xe2\x98\x85, level 40, a Legendary or a Mythic Hero, and unit's stats total less than 175, treats unit's stats as 175 in modes like Arena. If unit is 5\xe2\x98\x85, level 40, not a Legendary or a Mythic Hero, and unit's stats total less than 180, treats unit's stats as 180 in modes like Arena. (Higher-scoring opponents will appear. Stat total calculation excludes any values added by merges and skills.)","5,2,2,2,2",FALSE,,TRUE
81,R Duel Infantry 2,https://img.game8.co/3407163/186fbe92841183999a82c24906e6def1.png/show,"Grants HP+4. If unit is 5\xe2\x98\x85 and level 40 and unit's stats total less than 165, treats unit's stats as 165 in modes like Arena.(Higher-scoring opponents will appear.Stat total calculation excludes any values added by merges and skills.)","4,0,0,0,0",FALSE,,FALSE
82,R Duel Infantry 1,https://img.game8.co/3407160/2abe0d7e5cbd5103d7de0ebd57f82fe4.png/show,"Grants HP+3. If unit is 5\xe2\x98\x85 and level 40 and unit's stats total less than 160, treats unit's stats as 160 in modes like Arena.(Higher-scoring opponents will appear.Stat total calculation excludes any values added by merges and skills.)","3,0,0,0,0",FALSE,,FALSE
83,B Duel Infantry 1,https://img.game8.co/3407182/9f57337f867286bc27e1fb04d976dc93.png/show,"Grants HP+3. If unit is 5\xe2\x98\x85 and level 40 and unit's stats total less than 160, treats unit's stats as 160 in modes like Arena. (Higher-scoring opponents will appear. Stat total calculation excludes any values added by merges and skills.)","3,0,0,0,0",FALSE,,FALSE
84,B Duel Infantry 2,https://img.game8.co/3407180/3ace2f3ff516eeeac9f3d769b6be95a6.png/show,"Grants HP+4. If unit is 5\xe2\x98\x85 and level 40 and unit's stats total less than 165, treats unit's stats as 165 in modes like Arena. (Higher-scoring opponents will appear. Stat total calculation excludes any values added by merges and skills.)","4,0,0,0,0",FALSE,,FALSE
85,B Duel Infantry 3,https://img.game8.co/3407184/00c32a9a7e0cc1579241ab01926468ba.png/show,"Grants HP+5. If unit is 5\xe2\x98\x85 and level 40 and unit's stats total less than 170, treats unit's stats as 170 in modes like Arena. (Higher-scoring opponents will appear. Stat total calculation excludes any values added by merges and skills.)","5,0,0,0,0",FALSE,,TRUE
86,G Duel Infantry 4,https://img.game8.co/3375434/fe19087a46680b76d21b1939eda4c7ca.png/show,"Grants HP+5, Atk/Spd/Def/Res+2. If unit is 5\xe2\x98\x85, level 40, a Legendary or a Mythic Hero, and unit's stats total less than 175, treats unit's stats as 175 in modes like Arena. If unit is 5\xe2\x98\x85, level 40, not a Legendary or a Mythic Hero, and unit's stats total less than 180, treats unit's stats as 180 in modes like Arena. (Higher-scoring opponents will appear. Stat total calculation excludes any values added by merges and skills.)","5,2,2,2,2",FALSE,,TRUE
87,G Duel Flying 4,https://img.game8.co/3375452/d3ea613abb91e23f0af8ed1212dd5903.png/show,"Grants HP+5, Atk/Spd/Def/Res+2. If unit is 5\xe2\x98\x85, level 40, a Legendary or a Mythic Hero, and unit's stats total less than 175, treats unit's stats as 175 in modes like Arena. If unit is 5\xe2\x98\x85, level 40, not a Legendary or a Mythic Hero, and unit's stats total less than 180, treats unit's stats as 180 in modes like Arena. (Higher-scoring opponents will appear. Stat total calculation excludes any values added by merges and skills.)","5,2,2,2,2",FALSE,,TRUE
88,C Duel Cavalry 1,https://img.game8.co/3375382/7e540d061e60a813d16abb54658aa430.png/show,"Grants HP+3. If unit is 5\xe2\x98\x85 and level 40 and unit's stats total less than 160, treats unit's stats as 160 in modes like Arena. (Higher-scoring opponents will appear. Stat total calculation excludes any values added by merges and skills.)","3,0,0,0,0",FALSE,,FALSE
89,C Duel Cavalry 2,https://img.game8.co/3375384/30d0d2a379ef187202b7e7bbc769eff1.png/show,"Grants HP+4. If unit is 5\xe2\x98\x85 and level 40 and unit's stats total less than 165, treats unit's stats as 165 in modes like Arena. (Higher-scoring opponents will appear. Stat total calculation excludes any values added by merges and skills.)","4,0,0,0,0",FALSE,,FALSE
90,C Duel Cavalry 3,https://img.game8.co/3375385/5fa14ffef4254406c34d82de42a81e17.png/show,"Grants HP+5. If unit is 5\xe2\x98\x85 and level 40 and unit's stats total less than 170, treats unit's stats as 170 in modes like Arena. (Higher-scoring opponents will appear. Stat total calculation excludes any values added by merges and skills.)","5,0,0,0,0",FALSE,,TRUE
91,C Duel Cavalry 4,https://img.game8.co/3375383/6da5abc5fd22186c684fb3f3738c2845.png/show,"Grants HP+5, Atk/Spd/Def/Res+2. If unit is 5\xe2\x98\x85, lvl 40, a Legendary Hero or a Mythic Hero, and unit's stats total less than 175, treats unit's stats as 175 in modes like Arena. If unit is 5\xe2\x98\x85, lvl 40, not a Legendary Hero or Mythic Hero, and unit's stats total less than 180, treats unit's stats as 180 in modes like Arena. (Higher-scoring opponents will appear. Stat total calculation excludes any values added by merges and skills.)","5,2,2,2,2",FALSE,,TRUE
92,R Duel Flying 4,https://img.game8.co/3373132/4ac50ce7107edb3ea6ab20795023b5e1.png/show,"Grants HP+5, Atk/Spd/Def/Res+2. If unit is 5\xe2\x98\x85, lvl 40, a Legendary Hero or a Mythic Hero, and unit's stats total less than 175, treats unit's stats as 175 in modes like Arena. If unit is 5\xe2\x98\x85, lvl 40, not a Legendary Hero or Mythic Hero, and unit's stats total less than 180, treats unit's stats as 180 in modes like Arena. (Higher-scoring opponents will appear. Stat total calculation excludes any values added by merges and skills.)","5,2,2,2,2",FALSE,,TRUE
93,B Duel Cavalry 1,https://img.game8.co/3377355/d55706bbd7228bf29af38be6b3381b5d.png/show,"Grants HP+3. If unit is 5\xe2\x98\x85 and level 40 and unit's stats total less than 160, treats unit's stats as 160 in modes like Arena. (Higher-scoring opponents will appear. Stat total calculation excludes any values added by merges and skills.)","3,0,0,0,0",FALSE,,FALSE
94,B Duel Cavalry 2,https://img.game8.co/3377358/779cd3762b9b88cb4c7d7ed41a393007.png/show,"Grants HP+4. If unit is 5\xe2\x98\x85 and level 40 and unit's stats total less than 165, treats unit's stats as 165 in modes like Arena. (Higher-scoring opponents will appear. Stat total calculation excludes any values added by merges and skills.)","4,0,0,0,0",FALSE,,FALSE
95,B Duel Cavalry 3,https://img.game8.co/3377356/469b11e02d05f08dbf3080bfab1884fd.png/show,"Grants HP+5. If unit is 5\xe2\x98\x85 and level 40 and unit's stats total less than 170, treats unit's stats as 170 in modes like Arena. (Higher-scoring opponents will appear. Stat total calculation excludes any values added by merges and skills.)","5,0,0,0,0",FALSE,,TRUE
96,B Duel Cavalry 4,https://img.game8.co/3377357/5e268a6c18b351eb7a51672a4cc748d6.png/show,"Grants HP+5, Atk/Spd/Def/Res+2. If unit is 5\xe2\x98\x85, lvl 40, a Legendary Hero or a Mythic Hero, and unit's stats total less than 175, treats unit's stats as 175 in modes like Arena. If unit is 5\xe2\x98\x85, lvl 40, not a Legendary Hero or Mythic Hero, and unit's stats total less than 180, treats unit's stats as 180 in modes like Arena. (Higher-scoring opponents will appear. Stat total calculation excludes any values added by merges and skills.)","5,2,2,2,2",FALSE,,TRUE
97,C Duel Infantry 4,https://img.game8.co/3418224/58ccd47f2ead34388e528a6ead858554.png/show,"Grants HP+5, Atk/Spd/Def/Res+2. If unit is 5\xe2\x98\x85, level 40, a Legendary or a Mythic Hero, and unit's stats total less than 175, treats unit's stats as 175 in modes like Arena. If unit is 5\xe2\x98\x85, level 40, not a Legendary or a Mythic Hero, and unit's stats total less than 180, treats unit's stats as 180 in modes like Arena. (Higher-scoring opponents will appear. Stat total calculation excludes any values added by merges and skills.)","5,2,2,2,2",FALSE,,TRUE
98,G Duel Cavalry 1,https://img.game8.co/3425694/6a221bd0c8f1cb3afe1bc16135104d3f.png/show,"Grants HP+3. If unit is 5\xe2\x98\x85 and level 40 and unit's stats total less than 160, treats unit's stats as 160 in modes like Arena. (Higher-scoring opponents will appear. Stat total calculation excludes any values added by merges and skills.)","3,0,0,0,0",FALSE,,FALSE
99,G Duel Cavalry 2,https://img.game8.co/3425692/0f0f5a097054cb4302ab73b8d603f0db.png/show,"Grants HP+4. If unit is 5\xe2\x98\x85 and level 40 and unit's stats total less than 165, treats unit's stats as 165 in modes like Arena. (Higher-scoring opponents will appear. Stat total calculation excludes any values added by merges and skills.)","4,0,0,0,0",FALSE,,FALSE
100,G Duel Cavalry 3,https://img.game8.co/3425693/171826380cb038da204d64c35763a410.png/show,"Grants HP+5. If unit is 5\xe2\x98\x85 and level 40 and unit's stats total less than 170, treats unit's stats as 170 in modes like Arena. (Higher-scoring opponents will appear. Stat total calculation excludes any values added by merges and skills.)","5,0,0,0,0",FALSE,,TRUE
101,G Duel Cavalry 4,https://img.game8.co/3425695/90b8d48387689a886ed1fbe32393b1a8.png/show,"Grants HP+5, Atk/Spd/Def/Res+2. If unit is 5\xe2\x98\x85, level 40, a Legendary or a Mythic Hero, and unit's stats total less than 175, treats unit's stats as 175 in modes like Arena. If unit is 5\xe2\x98\x85, level 40, not a Legendary or a Mythic Hero, and unit's stats total less than 180, treats unit's stats as 180 in modes like Arena. (Higher-scoring opponents will appear. Stat total calculation excludes any values added by merges and skills.)","5,2,2,2,2",FALSE,,TRUE
102,C Duel Flying 1,https://img.game8.co/3441818/c4205ea900080e583b22d0160d5b940e.png/show,"Grants HP+3. If unit is 5\xe2\x98\x85 and level 40 and unit\xe2\x80\x99s stats total less than 160, treats unit\xe2\x80\x99s stats as 160 in modes like Arena. (Higher-scoring opponents will appear. Stat total calculation excludes any values added by merges and skills.)","3,0,0,0,0",FALSE,,FALSE
103,C Duel Flying 2,https://img.game8.co/3441819/6bb135a5e4147c0b1004c892f828c63c.png/show,"Grants HP+4. If unit is 5\xe2\x98\x85 and level 40 and unit\xe2\x80\x99s stats total less than 165, treats unit\xe2\x80\x99s stats as 165 in modes like Arena. (Higher-scoring opponents will appear. Stat total calculation excludes any values added by merges and skills.)","4,0,0,0,0",FALSE,,FALSE
104,C Duel Flying 3,https://img.game8.co/3441820/6de249a8a031afc39b7dce9bf35fbbce.png/show,"Grants HP+5. If unit is 5\xe2\x98\x85 and level 40 and unit\xe2\x80\x99s stats total less than 170, treats unit\xe2\x80\x99s stats as 170 in modes like Arena. (Higher-scoring opponents will appear. Stat total calculation excludes any values added by merges and skills.)","5,0,0,0,0",FALSE,,TRUE
105,C Duel Flying 4,https://img.game8.co/3441821/fac784e78a418dbc9a91f1d9076b859e.png/show,"Grants HP+5, Atk/Spd/Def/Res+2. If unit is 5\xe2\x98\x85, level 40, a Legendary or a Mythic Hero, and unit's stats total less than 175, treats unit's stats as 175 in modes like Arena. If unit is 5\xe2\x98\x85, level 40, not a Legendary or a Mythic Hero, and unit's stats total less than 180, treats unit's stats as 180 in modes like Arena. (Higher-scoring opponents will appear. Stat total calculation excludes any values added by merges and skills.)","5,2,2,2,2",FALSE,,TRUE
106,Dragonskin,https://img.game8.co/3406324/8ddf7f104354e3e92503898a6735f213.png/show,"Neutralizes ""effective against flying"" bonuses. Grants Def/Res +4 during combat if foe initiates combat.","0,0,0,0,0",TRUE,,FALSE
107,Scendscale,https://img.game8.co/3407090/d4f7a0491d35359fcb04868d8e8c3c8c.png/show,"Deals damage = 25% of unit's Atk, but after combat, if unit attacked, deals 7 damage to unit.","0,0,0,0,0",TRUE,,TRUE
108,,,,,,,
109,HP +3,https://img.game8.co/3406263/2bc098d39da8ef893cb9c8c876ae8533.png/show,Grants +3 to max HP.,"3,0,0,0,0",,,
110,HP +4,https://img.game8.co/3406262/a97ab2e7aee3b58e2c9bf874e501903a.png/show,Grants +4 to max HP.,"4,0,0,0,0",,,
111,HP +5,https://img.game8.co/3406261/3fd7939cd55cff927bb1b26328d7d263.png/show,Grants +5 to max HP.,"5,0,0,0,0",,,
112,Attack +1,https://img.game8.co/3407844/d055bd3b2ba379e1a683936ef98c91dc.png/show,Grants Atk +1.,"0,1,0,0,0",,,
113,Attack +2,https://img.game8.co/3407846/e71d610ac25e257c96c345776a779ece.png/show,Grants Atk +2.,"0,2,0,0,0",,,
114,Attack +3,https://img.game8.co/3407849/22899dcb7e71bc01d32f6d7395475292.png/show,Grants Atk +3.,,,,
115,Speed +1,https://img.game8.co/3405652/c3e6bd4d02bcf60e2c6014df6e6fa239.png/show,Grants Spd +1.,,,,
116,Speed +2,https://img.game8.co/3405651/cfd874ab297c787693bb7b834fe0ca98.png/show,Grants Spd +2.,,,,
117,Speed +3,https://img.game8.co/3405650/7d2c091d095cde1506f2a809e83833ce.png/show,Grants Spd +3.,,,,
118,Defense +1,https://img.game8.co/3407675/713d4a23fbdeab185db72438528b6a76.png/show,Grants Def + 1.,,,,
119,Defense +2,https://img.game8.co/3407673/4bd9cb9eb6aef9cf62cbca4c40ea756f.png/show,Grants Def + 2.,,,,
120,Defense +3,https://img.game8.co/3407666/2c9ef299b5009d5ede5af00eef5631c5.png/show,Grants Def + 3.,,,,
121,Resistance +1,https://img.game8.co/3405730/4603b876205bfc98e3349f91565ea6cd.png/show,Grants Res +1.,,,,
122,Resistance +2,https://img.game8.co/3405728/1ce1456d1cc951b5445ae2dde1dcb6ea.png/show,Grants Res +2.,,,,
123,Resistance +3,https://img.game8.co/3405729/20b71a59e45497d31883b5e70cc0e8b1.png/show,Grants Res +3.,,,,
124,HP/Atk 1,https://img.game8.co/3406258/fce86b26f573979092af2ca2b0ee6536.png/show,"Grants HP +3, Atk +1.",,,,
125,HP/Atk 2,https://img.game8.co/3406259/a4e1fa3fa0bb92b559b33c88552569ba.png/show,"Grants HP +4, Atk +2.",,,,
126,HP/Spd 1,https://img.game8.co/3406171/f6298479149365fcb04f48e5fec3c929.png/show,"Grants HP +3, Spd +1.",,,,
127,HP/Spd 2,https://img.game8.co/3406170/ba19382966aef3175a6c832e9422edfb.png/show,"Grants HP +4, Spd +2.",,,,
128,HP/Def 1,https://img.game8.co/3406175/7656f943e7c19469008f2853eb214866.png/show,"Grants HP +3, Def +1.",,,,
129,HP/Def 2,https://img.game8.co/3406174/1806c68e77206109318bc20eca0e9c86.png/show,"Grants HP +4, Def +2.",,,,
130,HP/Res 1,https://img.game8.co/3406173/1797560ed9edf9ab0e510fbeff036cdd.png/show,"Grants HP +3, Res +1.",,,,
131,HP/Res 2,https://img.game8.co/3406172/3e8999a9f4b44518480107ff0af0697b.png/show,"Grants HP +4, Res +2.",,,,
132,Atk/Spd 1,https://img.game8.co/3407861/01217bc7bd30d1ecdd3478d9ede59902.png/show,Grants Atk/Spd +1.,,,,
133,Atk/Spd 2,https://img.game8.co/3407862/e9cd32eed8c466c76f3ae5c43f4cd3ae.png/show,Grants Atk/Spd +2.,,,,
134,Attack/Def +1,https://img.game8.co/3407837/1822dee5d6186203b43a32463113e2d4.png/show,Grants Atk/Def +1.,,,,
135,Attack/Def +2,https://img.game8.co/3407888/028933b5ad8f0da46aa035b786b9c2dc.png/show,Grants Atk/Def +2.,,,,
136,Attack/Res 1,https://img.game8.co/3407835/4c6cdef4d90585bbeb5834c7f2f63758.png/show,Grants Atk/Res +1.,,,,
137,Attack/Res 2,https://img.game8.co/3407836/76016cf7b6c6b5e56292500c336286f8.png/show,Grants Atk/Res +2.,,,,
138,Spd/Def 1,https://img.game8.co/3405673/951f2449dae303cc32c38e06c5149ef2.png/show,Grants Spd/Def +1',,,,
139,Spd/Def 2,https://img.game8.co/3405672/48944ec096cec19431e8718549172c13.png/show,Grants Spd/Def +2',,,,
140,Spd/Res 1,https://img.game8.co/3405668/04db8b8a2abc4d79068370149843372d.png/show,Grants Spd/Res +1',,,,
141,Spd/Res 2,https://img.game8.co/3405667/0f1fa02fd1f14be3b880f8faaad6676e.png/show,Grants Spd/Res +2',,,,
142,Def/Res 1,https://img.game8.co/3407668/f161490d49399fbc143b1d07076b7bb1.png/show,Grants Def/Res +1.,,,,
143,Def/Res 2,https://img.game8.co/3407671/12a1a8b4215135e89562238bcbc17c37.png/show,Grants Def/Res +2.,,,,
144,Fury 1,https://img.game8.co/3406312/7c6543e96313efa06e817449c55592d1.png/show,Grants Atk/Spd/Def/Res +1. Unit take 2 damage after combat.,,,,
145,Fury 2,https://img.game8.co/3406311/84263d2ffdab345920be2d174f81a1e7.png/show,Grants Atk/Spd/Def/Res +2. Unit take 4 damage after combat.,,,,
146,Fury 3,https://img.game8.co/3406310/db64560f285019338f0b724b560744dd.png/show,Grants Atk/Spd/Def/Res +3. Unit take 6 damage after combat.,,,,
147,Life and Death 1,https://img.game8.co/3406147/6913c0a824d0cb1299698ee85dbd076b.png/show,Grants Atk/Spd +3. Inflicts Def/Res -3.,,,,
148,Life and Death 2,https://img.game8.co/3406149/819a976ececc34c0b7cca3645c8e26b3.png/show,Grants Atk/Spd +4. Inflicts Def/Res -4.,,,,
149,Life and Death 3,https://img.game8.co/3406148/4b0b7e05de87703566f01eef3558e683.png/show,Grants Atk/Spd +5. Inflicts Def/Res -5.,,,,
150,Fortress Def 1,https://img.game8.co/3406319/f1aa341eeccb9661036e04e8446c09ae.png/show,Grants Def +3. Inflicts Atk -3.,,,,
151,Fortress Def 2,https://img.game8.co/3406317/4e5957e3bd22cfe1e1340146ba52d1d6.png/show,Grants Def +4. Inflicts Atk -3.,,,,
152,Fortress Def 3,https://img.game8.co/3406318/5c36233442b555cba4ee1e1c8a0ed80d.png/show,Grants Def +5. Inflicts Atk -3.,,,,
153,Fortress Res 1,https://img.game8.co/3406316/cc1a8a896fedef467b70c5da97cf22bb.png/show,Grants Res +3. Inflicts Atk -3.,,,,
154,Fortress Res 2,https://img.game8.co/3406315/7883bb69399cdb7305336eae4b919ff0.png/show,Grants Res +4. Inflicts Atk -3.,,,,
155,Fortress Res 3,https://img.game8.co/3406314/4bd660795f06b4965878d1dbf6b97b17.png/show,Grants Res +5. Inflicts Atk -3.,,,,
156,Fort. Def/Res 1,https://img.game8.co/3405918/16c51cbbe533bc152b79506597195900.png/show,Grants Def/Res +3. Inflicts Atk -3.,,,,
157,Fort. Def/Res 2,https://img.game8.co/3405919/fb66a46021327f3022cf6867b86a5090.png/show,Grants Def/Res +4. Inflicts Atk -3.,,,,
158,Fort. Def/Res 3,https://img.game8.co/3405917/6486f73a966b184e134406f2b4865216.png/show,Grants Def/Res +6. Inflicts Atk -2.,,,,
159,Fury 4,https://img.game8.co/3407075/037416db2787375d26f4cddee05efb7a.png/show,"Grants Atk/Spd/Def/Res+4. After combat, deals 8 damage to unit.",,,,
160,Life and Death 4,https://img.game8.co/3407972/a7e210a4ed5d508925fb60d538dc8e15.png/show,Grants Atk/Spd+7. Inflicts Def/Res-5.,,,,
161,Atk/Spd Push 1,https://img.game8.co/3407839/4f50bf8f9d99ac8092a17e7ac0693a83.png/show,"At start of combat, if unit\xe2\x80\x99s HP = 100%, grants Atk/Spd +3, but if unit attacked, deals 1 damage to unit after combat.",,,,
162,Atk/Spd Push 2,https://img.game8.co/3407843/feb16f8156ec1414856e64b71553490b.png/show,"At start of combat, if unit\xe2\x80\x99s HP\xc2\xa0= 100%, grants Atk/Spd +4, but if unit attacked, deals 1 damage to unit after combat.",,,,
163,Atk/Spd Push 3,https://img.game8.co/3407847/4810207b240e32dcb8ecbb8948d798ee.png/show,"At start of combat, if unit\xe2\x80\x99s HP = 100%, grants Atk/Spd +5, but if unit attacked, deals 1 damage to unit after combat.",,,,
164,Atk/Def Push 1,https://img.game8.co/3407124/f6952965463c983532fd5a073c5ff2f0.png/show,"At start of combat, if unit\xe2\x80\x99s HP = 100%, grants Atk/Def+3, but if unit attacked, deals 1 damage to unit after combat.",,,,
165,Atk/Def Push 2,https://img.game8.co/3407121/4a779715112ed36529db8cc5a7e85ddc.png/show,"At start of combat, if unit\xe2\x80\x99s HP = 100%, grants Atk/Def+4, but if unit attacked, deals 1 damage to unit after combat.",,,,
166,Atk/Def Push 3,https://img.game8.co/3407106/919adac5de145d0b8747dfe30d7e824b.png/show,"At start of combat, if unit\xe2\x80\x99s HP = 100%, grants Atk/Def+5, but if unit attacked, deals 1 damage to unit after combat.",,,,
167,Atk/Res Push 1,https://img.game8.co/3407104/291a88aaae1ea93d2c9c9725cf648a44.png/show,"At start of combat, if unit's HP = 100%, grants Atk/Res+3, but if unit attacked, deals 1 damage to unit after combat.",,,,
168,Atk/Res Push 2,https://img.game8.co/3407111/1525902f524429f62340b618de2aca1e.png/show,"At start of combat, if unit's HP = 100%, grants Atk/Res+4, but if unit attacked, deals 1 damage to unit after combat.",,,,
169,Atk/Res Push 3,https://img.game8.co/3407107/70b70a07035d282750bb9ed957b427f9.png/show,"At start of combat, if unit's HP = 100%, grants Atk/Res+5, but if unit attacked, deals 1 damage to unit after combat.",,,,
170,Atk/Spd Push 4,https://img.game8.co/3407080/d800d84c4042a8072679ee4658772840.png/show,"At start of combat, if unit's HP \xe2\x89\xa5 25%, grants Atk/Spd+7, but after combat, if unit attacked, deals 5 damage to unit.",,,,
171,Atk/Def Push 4,https://img.game8.co/3407901/cbdaac2b95374941c3f471ab300a32cc.png/show,"At start of combat, if unit's HP \xe2\x89\xa5 25%, grants Atk/Def +7, but if unit attacked, deals 5 damage to unit after combat.",,,,
172,Atk/Res Push 4,https://img.game8.co/3407196/4b533d49db31727f7f87af87d826648e.png/show,"At start of combat, if unit's HP \xe2\x89\xa5 25%, grants Atk/Res+7, but after combat, if unit attacked, deals 5 damage to unit.",,,,
173,,,,,,,
174,Sturdy Surge Icon,https://img.game8.co/1190310/80c236fdf61c78e661e717a71d613d42_2017-10-14.png/show,"If unit initiates combat, grants Atk+7, Def+10 to unit during combat, and also, if unit deals damage to foe using a Special, restores HP = X% of unit's max HP (X = unit's max Special cooldown count value x 20, +10; max 100). (Triggers even if 0 damage is dealt.)",,,,
175,Death Blow 1,https://img.game8.co/3407678/7860876cfa25c619609c0288e8b1295a.png/show,"If unit initiates combat, grants Atk +2 during combat.",,,,
176,Death Blow 2,https://img.game8.co/3407681/b2814cc4914da9b7de0bed614180d3e6.png/show,"If unit initiates combat, grants Atk +4 during combat.",,,,
177,Death Blow 3,https://img.game8.co/3407679/ecd68e629e5ce1564bbd884d790aef83.png/show,"If unit initiates combat, grants Atk +6 during combat.",,,,
178,Death Blow 4,https://img.game8.co/3407690/828d508dbe910922249494a2fe1128c2.png/show,"If unit initiates combat, grants Atk +8 during combat.",,,,
179,Darting Blow 1,https://img.game8.co/3407707/27d217dfe33cd5854a81c4e8a466c80c.png/show,"If unit initiates combat, grants Spd+2 during combat.",,,,
180,Darting Blow 2,https://img.game8.co/3407713/1e883217385285331f473583a84a7930.png/show,"If unit initiates combat, grants Spd+4 during combat.",,,,
181,Darting Blow 3,https://img.game8.co/3407711/9677f3050e4852519c8198554985a363.png/show,"If unit initiates combat, grants Spd+6 during combat.",,,,
182,Darting Blow 4,https://img.game8.co/3407083/4ad1c257d9a0372e8c38977a8cdfd9ec.png/show,"If unit initiates combat, grants Spd+9 during combat.",,,,
183,Armored Blow 1,https://img.game8.co/3407895/14691a1dade8dee2d63822b1e91e5dcd.png/show,Grants Def +2 during combat if unit initiates the attack.,,,,
184,Armored Blow 2,https://img.game8.co/3407898/50d0daf33d9f79757ce1ed6c8e669792.png/show,Grants Def +4 during combat if unit initiates the attack.,,,,
185,Armored Blow 3,https://img.game8.co/3407896/8c4d7c975fd0d223efac3f9ae103ad7c.png/show,Grants Def +6 during combat if unit initiates the attack.,,,,
186,Warding Blow 1,https://img.game8.co/3405538/651ae3755ebade6c9f58caf0d599ebe9.png/show,Grants Res +2 during combat when unit is attacked.,,,,
187,Warding Blow 2,https://img.game8.co/3405537/32526539b5436f18f1de6fa1cee52bd0.png/show,Grants Res +4 during combat when unit is attacked.,,,,
188,Warding Blow 3,https://img.game8.co/3405539/e3419aa01493e021ca4942dfe090b2c2.png/show,Grants Res +6 during combat when unit is attacked.,,,,
189,Swift Sparrow 1,https://img.game8.co/3405587/cf93ce3964f91f373d2ec844eb363d60.png/show,"If unit initiates combat, grants Atk/Spd +2 during combat.",,,,
190,Swift Sparrow 2,https://img.game8.co/3405586/2b26e9cf9f05d2c96025489235d41d9d.png/show,"If unit initiates combat, grants Atk/Spd +4 during combat.",,,,
191,Swift Sparrow 3,https://img.game8.co/3407079/64c76d08896b9849fba7ee15d4570730.png/show,"If unit initiates combat, grants Atk+6, Spd+7 during combat.",,,,
192,Sturdy Blow 1,https://img.game8.co/3405594/99b263a42c9962ae33cbced27c135a2f.png/show,"If unit initiates combat, grants Atk/Def +2 during combat.",,,,
193,Sturdy Blow 2,https://img.game8.co/3405593/a976718740904af1df1c418c4a2795dd.png/show,"If unit initiates combat, grants Atk/Def +4 during combat.",,,,
194,Sturdy Impact,https://img.game8.co/3407084/5be500dd15b782bd30e823b017e1808b.png/show,"If unit initiates combat, grants Atk+6, Def+10 during combat and foe cannot make a follow-up attack.",,,,
195,Mirror Strike 1,https://img.game8.co/3406136/586edc748ac351355dc8b106f9ae32e8.png/show,Grants Atk/Res +2 during combat if unit initiates combat.,,,,
196,Mirror Strike 2,https://img.game8.co/3406137/5907a3e6240480718dbc151c8b6c035e.png/show,Grants Atk/Res +4 during combat if unit initiates combat.,,,,
197,Mirror Impact,https://img.game8.co/3407082/bb28a484db28227dc8bb59f3c7de3588.png/show,"If unit initiates combat, grants Atk+6, Res+10 during combat and foe cannot make a follow-up attack.",,,,
198,Steady Blow 1,https://img.game8.co/3405604/de5321b96f14f2ad1862ca68ee810a53.png/show,"If unit initiates combat, grants Spd/Def +2 during combat.",,,,
199,Blade Session 1,https://img.game8.co/3407942/10a8c82fcae36975353d1c39022d5de7.png/show,"If unit initiates combat, grants bonus to unit's Atk/Spd during combat = 1 + number of allies who have already acted (max value of 3).",,,,
200,Steady Blow 2,https://img.game8.co/3405603/89759b029b67990f02ec54fb7ca33117.png/show,"If unit initiates combat, grants Spd/Def +4 during combat.",,,,
201,Blade Session 2,https://img.game8.co/3407944/a4dd2c47bb0ad39b07b975be41f7d6fa.png/show,"If unit initiates combat, grants bonus to unit's Atk/Spd during combat = 2 + number of allies who have already acted \xc3\x97 2 (max value of 6).",,,,
202,Blade Session 3,https://img.game8.co/3407943/b999c5c9c698cf184cb64869250a451b.png/show,"If unit initiates combat, grants bonus to unit\xe2\x80\x99s Atk/Spd during combat = 3 + number of allies who have already acted \xc3\x97 3 (min value of 3).",,,,
203,Steady Impact,https://img.game8.co/3407088/f9013b0a67d7324146b4c984d46f35fd.png/show,"If unit initiates combat, grants Spd +7, Def +10 during combat and foe cannot make a follow-up attack.",,,,
204,Swift Strike 1,https://img.game8.co/3405582/9dda8104582756203956468c0f9bdfc2.png/show,"If unit initiates combat, grants Spd/Res +2 during combat.",,,,
205,Swift Strike 2,https://img.game8.co/3405583/cd0ff49d507a202e0278a2698fbe8efc.png/show,"If unit initiates combat, grants Spd/Res +4 during combat.",,,,
206,Swift Impact,https://img.game8.co/3407101/0d7a4f14f2c49e20a7ad26b0d87afe9c.png/show,"If unit initiates combat, grants Spd+7, Res+10 during combat and foe cannot make a follow-up attack.",,,,
207,Bracing Blow 1,https://img.game8.co/3407788/1e3fe8ae8d10fd0d0b5388f98e607b27.png/show,Grants Def/Res +2 during combat if unit initiates combat.,,,,
208,Bracing Blow 2,https://img.game8.co/3407791/804602ac05cc3a3aa47d337dfad40a73.png/show,Grants Def/Res +4 during combat if unit initiates combat.,,,,
209,Surge Sparrow,https://img.game8.co/3404709/7b747e5d0630e47de9f9b67ca16a96da.png/show,"If unit initiates combat, grants Atk/Spd+7 to unit during combat, and also, if unit deals damage to foe using a Special, restores HP = X% of unit's max HP (X = unit's max Special cooldown count value x 20, +10; max 100). (Triggers even if 0 damage is dealt.)",,,,
210,,,,,,,
211,Fierce Stance 1,https://img.game8.co/3407490/d05f630050bc49b8215039c33ebf056b.png/show,"If foe initiates combat, grants Atk+2 during combat.",,,,
212,Fierce Stance 2,https://img.game8.co/3407487/63381ffbf13c4e30025fda325b593faa.png/show,"If foe initiates combat, grants Atk+4 during combat.",,,,
213,Fierce Stance 3,https://img.game8.co/3407484/92f831ebf659874eb59359852f255ba0.png/show,"If foe initiates combat, grants Atk+6 during combat.",,,,
214,Darting Stance 1,https://img.game8.co/3407709/d67cb1851ed839f214f6063f7dd22644.png/show,"If foe initiates combat, grants Spd+2 during combat.",,,,
215,Darting Stance 2,https://img.game8.co/3407715/2dea4424539f61611a53fdab5407a84c.png/show,"If foe initiates combat, grants Spd+4 during combat.",,,,
216,Darting Stance 3,https://img.game8.co/3407708/136c0f9055e95ff7c3f8e05153e1be59.png/show,"If foe initiates combat, grants Spd+6 during combat.",,,,
217,Steady Stance 1,https://img.game8.co/3405596/fb2463d9754824beae22f8cce2982b3d.png/show,Grants Def +2 during combat when this unit is attacked.,,,,
218,Steady Stance 2,https://img.game8.co/3405597/544ac8730b77197a63135531d219181b.png/show,Grants Def +4 during combat when this unit is attacked.,,,,
219,Steady Stance 3,https://img.game8.co/3405598/0c6012efd0a422523138b1564f3c5050.png/show,Grants Def +6 during combat when this unit is attacked.,,,,
220,Warding Stance 1,https://img.game8.co/3405533/59d0032b554b09413c6b2a04ef6f6600.png/show,"If foe initiates combat, grants Res+2 during combat.",,,,
221,Warding Stance 2,https://img.game8.co/3405535/b7f6a534599818a93b8109b529c7b7b0.png/show,"If foe initiates combat, grants Res+4 during combat.",,,,
222,Warding Stance 3,https://img.game8.co/3405534/7611b406ac3b2eb623f83760d8e5cc75.png/show,"If foe initiates combat, grants Res+6 during combat.",,,,
223,Kestrel Stance 1,https://img.game8.co/3406159/91f3b4d559cedefd0ef0db8440b8545e.png/show,"If foe initiates combat, grants Atk/Spd +2 during combat.",,,,
224,Kestrel Stance 2,https://img.game8.co/3406158/6fdab7810ac8032c338e8eba2b3887b9.png/show,"If foe initiates combat, grants Atk/Spd +4 during combat.",,,,
225,Sturdy Stance 1,https://img.game8.co/3405592/92fd53bab0f109b51145187560005698.png/show,"If foe initiates combat, grants Atk/Def +2 during combat.",,,,
226,Sturdy Stance 2,https://img.game8.co/3405591/bf1f3f938a1a7cd3b9601c9ede700242.png/show,"If foe initiates combat, grants Atk/Def +4 during combat.",,,,
227,Mirror Stance 1,https://img.game8.co/3406139/98e10abffcd9c07cba1c019e0e020dc5.png/show,Grants Atk/Res +2 during combat if foe initiates combat.,,,,
228,Mirror Stance 2,https://img.game8.co/3406138/a04710e76e221c44f11a021fbb9e3055.png/show,Grants Atk/Res +4 during combat if foe initiates combat.,,,,
229,Bracing Stance 1,https://img.game8.co/3407794/dddd297e7ffbb5d57325f4f71c45876b.png/show,"If foe initiates combat, grants Def/Res +2 during combat.",,,,
230,Bracing Stance 2,https://img.game8.co/3407795/579334af3ce8d13dd7a035bd999bd436.png/show,"If foe initiates combat, grants Def/Res +4 during combat.",,,,
231,Swift Stance 1,https://img.game8.co/3405584/01fe3942004ce21750b27660d86e7f16.png/show,"If foe initiates combat, grants Spd/Res +2 during combat.",,,,
232,Swift Stance 2,https://img.game8.co/3405585/7fad004af0877009d368798e3139bc5f.png/show,"If foe initiates combat, grants Spd/Res +4 during combat.",,,,
233,Steady Posture 1,https://img.game8.co/3405601/dcd1e1be35a76653ae0e815212699683.png/show,"If foe initiates combat, grants Spd/Def +2 during combat.",,,,
234,Steady Posture 2,https://img.game8.co/3405600/64827f16fc5f47a03a636b97005a30ae.png/show,"If foe initiates combat, grants Spd/Def +4 during combat.",,,,
235,Shield Session 1,https://img.game8.co/3408114/b321511ed8b21f73c78fa414eaa3ab00.png/show,"If foe initiates combat, grants bonus to unit's Def/Res during combat = 3 - number of foes who have already acted (min value of 1).",,,,
236,Shield Session 2,https://img.game8.co/3408121/8f521daa6b20cf0c840b090c9f04184d.png/show,"If foe initiates combat, grants bonus to unit's Def/Res during combat = 6 - number of foes who have already acted \xc3\x97 2 (min value of 2).",,,,
237,Shield Session 3,https://img.game8.co/3408122/bf758811896b28a62e1445088de23867.png/show,"If foe initiates combat, grants bonus to unit\xe2\x80\x99s Def/Res during combat = 9 - number of foes who have already acted \xc3\x97 3 (min value of 3).",,,,
238,Steady Stance 4,https://img.game8.co/3405595/b291e23104d78471d4a6d94d00b5509d.png/show,"If foe initiates combat, grants Def+8 during combat and inflicts special cooldown charge -1 on foe per attack. (Only highest value applied. Does not stack. )",,,,
239,Warding Stance 4,https://img.game8.co/3407086/fbc3dda657f67f4d10bea875498824c9.png/show,"If foe initiates combat, grants Res+8 during combat and inflicts Special cooldown charge -1 on foe per attack. (Only highest value applied. Does not stack.)",,,,
240,Mirror Stance 3,https://img.game8.co/3407192/6f318bb4f0574034058249adef1db518.png/show,"If foe initiates combat, grants Atk/Res+6 during combat and inflicts Special cooldown charge -1 on foe per attack. (Only highest value applied. Does not stack.)",,,,
241,Sturdy Stance 3,https://img.game8.co/3407908/3e6d1825049794e079ddb20e962f30d8.png/show,"If foe initiates combat, grants. Atk/Def +6 during combat and inflicts Special cooldown charge -1 on foe per attack. (Only highest value applied. Does not stack.)",,,,
242,Bracing Stance 3,https://img.game8.co/3407074/e1be655bd6e533985f3d3e98d4d74416.png/show,"If foe initiates combat, grants Def/Res +6 during combat and inflicts Special cooldown charge -1 on foe per attack. (Only highest value applied. Does not stack).",,,,
243,Kestrel Stance 3,https://img.game8.co/3407078/72e4791038bd418eb8ee4c8014fdd6bf.png/show,"If foe initiates combat, grants Atk/Spd +6 during combat and inflicts Special cooldown charge -1 on foe per attack. (Only highest value applied. Does not stack.)",,,,
244,Steady Breath,https://img.game8.co/3405602/d30387186f24821ddc859146c66cf1d1.png/show,"If foe initiates combat, grants Def+4 during combat and Special cooldown charge +1 per attack. (Only highest value applied. Does not stack. )",,,,
245,Warding Breath,https://img.game8.co/3405536/0e11c5f7909e6e6413aed04f4985fd9a.png/show,"If foe initiates combat, grants Res+4 during combat and Special cooldown charge +1 per attack. (Only highest value applied. Does not stack.)",,,,
246,Fierce Breath,https://img.game8.co/3407485/377b0c8a012c92515ccfb49c22e3a830.png/show,"If foe initiates combat, grants Atk +4 during combat and Special cooldown charge +1 per attack. (Only highest value applies. Does not stack. )",,,,
247,Darting Breath,https://img.game8.co/3407093/a70c6ff2fa504e547c4b5fd7775ba3e7.png/show,"If foe initiates combat, grants Spd +4 during combat and Special cooldown charge +1 per attack. (Only highest value applied. Does not stack).",,,,
248,Distant Def 1,https://img.game8.co/3407637/16e549a70026a787434b46b2a2e96eb1.png/show,"If foe initiates combat and uses bow, dagger, magic, or staff, grants Def/Res+2 during combat.",,,,
249,Distant Def 2,https://img.game8.co/3407641/e5093df8716f6777c7596a0fa9bfb2bc.png/show,"If foe initiates combat and uses bow, dagger, magic, or staff, grants Def/Res+4 during combat.",,,,
250,Distant Def 3,https://img.game8.co/3407643/a5d20b2c85d94950579bf6f98d37ba42.png/show,"If foe initiates combat and uses bow, dagger, magic, or staff, grants Def/Res+6 during combat.",,,,
251,Distant Def 4,https://img.game8.co/3407077/4f3c7797a25a00feeefc86029499321b.png/show,"If foe initiates combat and uses bow, dagger, magic, or staff, grants Def/Res+8 during combat.",,,,
252,Close Def 1,https://img.game8.co/3407744/a16ad77477bc92f3b3aad35a616a35c7.png/show,"If foe initiates combat and uses sword, lance, axe, dragonstone, or beast damage, grants Def/Res+2 during combat.",,,,
253,Close Def 2,https://img.game8.co/3407739/f28cfb5b16cf3ee7826308badc36f3d1.png/show,"If foe initiates combat and uses sword, lance, axe, dragonstone, or beast damage, grants Def/Res+4 during combat.",,,,
254,Close Def 3,https://img.game8.co/3407742/c7d4fbed601f11853249d882e3ab3e07.png/show,"If foe initiates combat and uses sword, lance, axe, dragonstone, or beast damage, grants Def/Res+6 during combat.",,,,
255,Close Def 4,https://img.game8.co/3407147/dc4c3ac03b4c84901de75412fe15c3fe.png/show,"If foe initiates combat and uses sword, lance, axe, dragonstone or beast damage, grants Def/Res+8 and neutralizes foe's bonuses (from skills like Fortify, Rally, etc.) during combat.",,,,
256,,,,,,,
257,Fire Boost 1,https://img.game8.co/3407491/338713f4fc652508464ed5fd72e1d16d.png/show,"At start of combat, if unit\xe2\x80\x99s HP \xe2\x89\xa5 foe\xe2\x80\x99s HP+3, grants Atk+2 during combat.",,,,
258,Fire Boost 2,https://img.game8.co/3407489/88784b2dc5f4b156f757ac89cbe87f38.png/show,"At start of combat, if unit\xe2\x80\x99s HP \xe2\x89\xa5 foe\xe2\x80\x99s HP+3, grants Atk+4 during combat.",,,,
259,Fire Boost 3,https://img.game8.co/3407483/ac93c614db06eb5daa0a9aef6144d557.png/show,"At start of combat, if unit\xe2\x80\x99s HP \xe2\x89\xa5 foe\xe2\x80\x99s HP+3, grants Atk+6 during combat.",,,,
260,Wind Boost 1,https://img.game8.co/3405507/bd921406968fa25cda3da864496e2269.png/show,"If unit has at least 3 more HP than enemy at the start of combat, unit receives Spd +2 during combat.",,,,
261,Wind Boost 2,https://img.game8.co/3405505/8a8037a443b4c025ad0bfa6c2777f50d.png/show,"If unit has at least 3 more HP than enemy at the start of combat, unit receives Spd +4 during combat.",,,,
262,Wind Boost 3,https://img.game8.co/3405506/0b11c5246ff38ab5fbdb13f8bc7ab181.png/show,"If unit has at least 3 more HP than enemy at the start of combat, unit receives Spd +6 during combat.",,,,
263,Earth Boost 1,https://img.game8.co/3407606/fcf7b52f902a34424861570653dd6c1a.png/show,"If unit has at least 3 more HP than enemy at the start of combat, unit receives Def +2 during combat.",,,,
264,Earth Boost 2,https://img.game8.co/3407608/f4c48b66bccfb01746770e57ad0a5204.png/show,"If unit has at least 3 more HP than enemy at the start of combat, unit receives Def +4 during combat.",,,,
265,Earth Boost 3,https://img.game8.co/3407607/9c4ef5ffd7d0d2bf6f3acb863b85fa9e.png/show,"If unit has at least 3 more HP than enemy at the start of combat, unit receives Def +6 during combat.",,,,
266,Water Boost 1,https://img.game8.co/3405514/96db60cde4a8ad49ee74623b7cb43355.png/show,"At start of combat, if unit\xe2\x80\x99s HP \xe2\x89\xa5 foe\xe2\x80\x99s HP+3, grants Res+2 during combat.",,,,
267,Water Boost 2,https://img.game8.co/3405512/75a897769b4ace6630247eb9ec01ba2d.png/show,"At start of combat, if unit\xe2\x80\x99s HP \xe2\x89\xa5 foe\xe2\x80\x99s HP+3, grants Res+4 during combat.",,,,
268,Water Boost 3,https://img.game8.co/3405513/d027b1c9605ef6399cc359a693cae199.png/show,"At start of combat, if unit\xe2\x80\x99s HP \xe2\x89\xa5 foe\xe2\x80\x99s HP+3, grants Res+6 during combat.",,,,
269,,,,,,,
270,Defiant Atk 1,https://img.game8.co/3407646/85f0d6354889d6c374a2b5d727fb5049.png/show,Grants Atk +3 at start of turn if unit\xe2\x80\x99s HP \xe2\x89\xa4 50%.,,,,
271,Defiant Atk 2,https://img.game8.co/3407648/f3b33f3753f17597b7f5d7bb98de27ab.png/show,Grants Atk +5 at start of turn if unit\xe2\x80\x99s HP \xe2\x89\xa4 50%.,,,,
272,Defiant Atk 3,https://img.game8.co/3407647/1261d7d2788da4c3c891ac40ffa7b960.png/show,Grants Atk +7 at start of turn if unit\xe2\x80\x99s HP \xe2\x89\xa4 50%.,,,,
273,Defiant Spd 1,https://img.game8.co/3407651/bbd35c9a2ec00ce0fd47d974c0b27b33.png/show,Grants Spd +3 at start of turn if unit\xe2\x80\x99s HP \xe2\x89\xa4 50%.,,,,
274,Defiant Spd 2,https://img.game8.co/3407649/a0e8766a478ccce98f4fedaba4d0a0cf.png/show,Grants Spd +5 at start of turn if unit\xe2\x80\x99s HP \xe2\x89\xa4 50%.,,,,
275,Defiant Spd 3,https://img.game8.co/3407654/7667b081f7229ea028a33e322c828099.png/show,Grants Spd +7 at start of turn if unit\xe2\x80\x99s HP \xe2\x89\xa4 50%.,,,,
276,Defiant Def 1,https://img.game8.co/3407653/0a23ac5bd45bee39bd267588b588b2fc.png/show,Grants Def +3 at start of turn if unit\xe2\x80\x99s HP \xe2\x89\xa4 50%.,,,,
277,Defiant Def 2,https://img.game8.co/3407652/51b4dfc06c2ddc79e7997e3c66146e8a.png/show,Grants Def +5 at start of turn if unit\xe2\x80\x99s HP \xe2\x89\xa4 50%.,,,,
278,Defiant Def 3,https://img.game8.co/3407650/3e2853ef2d15bc641c07a5fae09c5e29.png/show,Grants Def +7 at start of turn if unit\xe2\x80\x99s HP \xe2\x89\xa4 50%.,,,,
279,Defiant Res 1,https://img.game8.co/3407119/31734568a2dd2c94b500e86b135009b3.png/show,"At start of turn, if unit\xe2\x80\x99s HP \xe2\x89\xa4 50%, grants Res+3 for 1 turn.",,,,
280,Defiant Res 2,https://img.game8.co/3407126/473b0b4538f789cfc1b0512df5eba0b2.png/show,"At start of turn, if unit\xe2\x80\x99s HP \xe2\x89\xa4 50%, grants Res+5 for 1 turn.",,,,
281,Defiant Res 3,https://img.game8.co/3407122/3d72f5874739f3fc50091bf51417c97f.png/show,"At start of turn, if unit\xe2\x80\x99s HP \xe2\x89\xa4 50%, grants Res+7 for 1 turn.",,,,
282,Brazen Atk/Spd 1,https://img.game8.co/3407775/da6e26b0f91ea6d6374d0dcb2c3d749d.png/show,"If unit\xe2\x80\x99s HP \xe2\x89\xa4 80% at start of combat, grants Atk/Spd +3 during combat.",,,,
283,Brazen Atk/Spd 2,https://img.game8.co/3407776/2e9ecb5c72921d866ed5fee351c8b8c7.png/show,"If unit\xe2\x80\x99s HP \xe2\x89\xa4 80% at start of combat, grants Atk/Spd +5 during combat.",,,,
284,Brazen Atk/Spd 3,https://img.game8.co/3407777/1c83946be890d737eadfcfddba8de4cf.png/show,"If unit\xe2\x80\x99s HP \xe2\x89\xa4 80% at start of combat, grants Atk/Spd +7 during combat.",,,,
285,Brazen Atk/Def 1,https://img.game8.co/3407780/48546c05526554334cc7ddce8a1f579f.png/show,"If unit\xe2\x80\x99s HP \xe2\x89\xa4 80% at start of combat, grants Atk/Def +3 during combat.",,,,
286,Brazen Atk/Def 2,https://img.game8.co/3407779/12621b151d3ffa555c28c2381a7df62d.png/show,"If unit\xe2\x80\x99s HP \xe2\x89\xa4 80% at start of combat, grants Atk/Def +5 during combat.",,,,
287,Brazen Atk/Def 3,https://img.game8.co/3407782/f25d1daa9e950b431b22433f976520a5.png/show,"If unit\xe2\x80\x99s HP \xe2\x89\xa4 80% at start of combat, grants Atk/Def +7 during combat.",,,,
288,Brazen Def/Res 1,https://img.game8.co/3407772/0af2a2329a93b01d681ad436ef51ae52.png/show,"If unit\xe2\x80\x99s HP \xe2\x89\xa4 80% at start of combat, grants Def/Res +3 during combat.",,,,
289,Brazen Def/Res 2,https://img.game8.co/3407773/153d4b9740b3efb3dd131b2475776a9a.png/show,"If unit\xe2\x80\x99s HP \xe2\x89\xa4 80% at start of combat, grants Def/Res +5 during combat.",,,,
290,Brazen Def/Res 3,https://img.game8.co/3407774/eb2e979de69275a44e1dcd374e75b973.png/show,"If unit\xe2\x80\x99s HP \xe2\x89\xa4 80% at start of combat, grants Def/Res +7 during combat.",,,,
291,Brazen Atk/Res 1,https://img.game8.co/3407778/cf2a2e994870600d4a942f52508ba664.png/show,"At start of combat, if unit\xe2\x80\x99s HP \xe2\x89\xa4 80%, grants Atk/Res+3 during combat.",,,,
292,Brazen Atk/Res 2,https://img.game8.co/3407781/9687bc5c5980313c6a398c93dabe04f2.png/show,"At start of combat, if unit\xe2\x80\x99s HP \xe2\x89\xa4 80%, grants Atk/Res+5 during combat.",,,,
293,Brazen Atk/Res 3,https://img.game8.co/3407783/b035aa360456e374ca2c75b2f388b55b.png/show,"At start of combat, if unit\xe2\x80\x99s HP \xe2\x89\xa4 80%, grants Atk/Res+7 during combat.",,,,
294,Brazen Atk/Spd 4,https://img.game8.co/3407085/28caed521e2cecffb617830f969a6c3a.png/show,"At start of combat, if unit's HP \xe2\x89\xa4 80%, grants Atk+9 and Spd+10 during combat.",,,,
295,Brazen Spd/Def 1,https://img.game8.co/3407189/d080569bd3315edd16434fca42b8fac4.png/show,"At start of combat, if unit's HP \xe2\x89\xa4 80%, grants Spd/Def+3 during combat.",,,,
296,Brazen Spd/Def 2,https://img.game8.co/3407172/973001024966a5339140755ffa117bec.png/show,"At start of combat, if unit's HP \xe2\x89\xa4 80%, grants Spd/Def+5 during combat.",,,,
297,Brazen Spd/Def 3,https://img.game8.co/3407183/e855585d29aec0130b10feed73c95784.png/show,"At start of combat, if unit's HP \xe2\x89\xa4 80%, grants Spd/Def+7 during combat.",,,,
298,Brazen Spd/Res 1,https://img.game8.co/3407968/e207aec973102a4559d0b54170b49cc1.png/show,"At start of combat, if unit's HP \xe2\x89\xa4 80%, grants Spd/Res+3 during combat.",,,,
299,Brazen Spd/Res 2,https://img.game8.co/3407969/3646677119f7829f253b380e2d2828c6.png/show,"At start of combat, if unit's HP \xe2\x89\xa4 80%, grants Spd/Res+5 during combat.",,,,
300,Brazen Spd/Res 3,https://img.game8.co/3407970/83e93914df6cea5753ed0810275f6baf.png/show,"At start of combat, if unit's HP \xe2\x89\xa4 80%, grants Spd/Res+7 during combat.",,,,
301,,,,,,,
302,Dragonskin II,https://img.game8.co/3383984/f80b9711b5d255071a4ce7a60ea53c41.png/show,"Neutralizes ""effective against flying"" bonuses. If foe initiates combat or if foe\'s HP \xe2\x89\xa5 75% at start of combat, grants Atk/Spd/Def/Res+6 to unit during combat and neutralizes foe\'s bonuses (from skills like Fortify, Rally, etc.).",,,,
303,Laws of Sacae,https://img.game8.co/3406150/856928490d5593da5dda426028008c7f.png/show,"If foe initiates combat and the number of allies within 2 spaces \xe2\x89\xa5 2, grants Atk/Spd/Def/Res +4 during combat.",,,,
304,Ostian Counter,https://img.game8.co/3406115/f742ffa58ef8df4570a79cd8dc1d0dfc.png/show,"Unit can counterattack regardless of foe\xe2\x80\x99s range. If foe initiates combat, grants Atk/Def +4 during combat.",,,,
305,Laws of Sacae II,https://img.game8.co/3383635/3ef48686dc97327fabce68219ade7b92.png/show,"If unit initiates combat or if unit is within 2 spaces of an ally, grants Atk/Spd/Def/Res+6 during combat, and also, if foe uses sword, lance, axe, dragonstone, or beast damage and unit's Spd \xe2\x89\xa5 foe's Spd+5, foe cannot counterattack.",,,,
306,Ashera,https://img.game8.co/3407973/fdb7c0b5ca041118203bfecff29bb606.png/show,"Neutralizes ""effective against flying"" bonuses. If unit is adjacent to only beast or dragon allies or if unit is not adjacent to any ally, grants Atk/Def+6 during combat.",,,,
307,Dragoon Shield,https://img.game8.co/3407096/ef43c926783cf49bff0ba14b911634c0.png/show,"Neutralizes ""effective against flying"" bonuses. Grants Atk/Spd/Def+3.",,,,
308,Dragonscale,https://img.game8.co/3407157/242fbb966feba6135f34f04ff54aa43e.png/show,"Neutralizes ""effective against flying"" bonuses. If foe initiates combat or if foe\'s HP = 100% at start of combat, inflicts Atk/Res -6 on foe and grants Special cooldown charge +1 per foe\'s attack during combat. (Only highest value applied. Does not stack. Special coodlown charge granted even if foe\'s attack deals 0 damage.)",,,,
309,,,,,,,
